tick,population_size,avg_energy,std_energy,avg_age,std_age,births,deaths,deaths_starvation,deaths_natural,avg_S,std_S,min_S,max_S,avg_V,std_V,min_V,max_V,avg_M,std_M,min_M,max_M,avg_IQ,std_IQ,min_IQ,max_IQ,avg_W,std_W,min_W,max_W,avg_R,std_R,min_R,max_R,avg_T0,std_T0,min_T0,max_T0,genetic_diversity,genetic_quality,population_distribution,patch_usage,zone_transitions,Polar_population,Polar_energy_mean,Polar_age_mean,Polar_S_mean,Polar_V_mean,Polar_M_mean,Polar_IQ_mean,Polar_W_mean,Polar_R_mean,Polar_T0_mean,Middle_population,Middle_energy_mean,Middle_age_mean,Middle_S_mean,Middle_V_mean,Middle_M_mean,Middle_IQ_mean,Middle_W_mean,Middle_R_mean,Middle_T0_mean,Equator_population,Equator_energy_mean,Equator_age_mean,Equator_S_mean,Equator_V_mean,Equator_M_mean,Equator_IQ_mean,Equator_W_mean,Equator_R_mean,Equator_T0_mean,avg_lifespan,max_lifespan,reproduction_rate,extinction_probability,avg_death_age,migration_rate
0,500,105.7408,1.1543376282526716,1.0,0.0,0,0,0,0,1.0,0.0,1,1,1.0,0.0,1,1,1.0,0.0,1,1,0.0,0.0,0,0,1.0,0.0,1,1,1.0,0.0,1,1,1.0,0.0,1,1,0.0,0.8571428571428571,2948.670558615187,0.0488,0,98,105.7795918367347,1.0,1.0,1.0,1.0,0.0,1.0,1.0,1.0,213,105.79718309859155,1.0,1.0,1.0,1.0,0.0,1.0,1.0,1.0,189,105.65714285714286,1.0,1.0,1.0,1.0,0.0,1.0,1.0,1.0,0.0,0,0.0,0.0,0.0,0
1,500,111.5464,1.8466420985128673,2.0,0.0,0,0,0,0,1.0,0.0,1,1,1.0,0.0,1,1,1.0,0.0,1,1,0.0,0.0,0,0,1.0,0.0,1,1,1.0,0.0,1,1,1.0,0.0,1,1,0.0,0.8571428571428571,2948.7270040144444,0.0491,0,98,111.44897959183673,2.0,1.0,1.0,1.0,0.0,1.0,1.0,1.0,213,111.79718309859155,2.0,1.0,1.0,1.0,0.0,1.0,1.0,1.0,189,111.31428571428572,2.0,1.0,1.0,1.0,0.0,1.0,1.0,1.0,0.0,0,0.0,0.0,0.0,0
2,500,117.2332,2.7419879211987817,3.0,0.0,0,0,0,0,1.0,0.0,1,1,1.0,0.0,1,1,1.0,0.0,1,1,0.0,0.0,0,0,1.0,0.0,1,1,1.0,0.0,1,1,1.0,0.0,1,1,0.0,0.8571428571428571,2948.77378149698,0.0485,0,98,116.95306122448979,3.0,1.0,1.0,1.0,0.0,1.0,1.0,1.0,213,117.64507042253521,3.0,1.0,1.0,1.0,0.0,1.0,1.0,1.0,189,116.91428571428571,3.0,1.0,1.0,1.0,0.0,1.0,1.0,1.0,0.0,0,0.0,0.0,0.0,0
3,500,122.876,3.7477153929649853,4.0,0.0,0,0,0,0,1.0,0.0,1,1,1.0,0.0,1,1,1.0,0.0,1,1,0.0,0.0,0,0,1.0,0.0,1,1,1.0,0.0,1,1,1.0,0.0,1,1,0.0,0.8571428571428571,2948.790925430286,0.0483,0,98,122.12244897959184,4.0,1.0,1.0,1.0,0.0,1.0,1.0,1.0,213,123.49295774647888,4.0,1.0,1.0,1.0,0.0,1.0,1.0,1.0,189,122.57142857142857,4.0,1.0,1.0,1.0,0.0,1.0,1.0,1.0,0.0,0,0.0,0.0,0.0,0
4,500,128.5188,4.881982509868989,5.0,0.0,0,0,0,0,1.0,0.0,1,1,1.0,0.0,1,1,1.0,0.0,1,1,0.0,0.0,0,0,1.0,0.0,1,1,1.0,0.0,1,1,1.0,0.0,1,1,0.0,0.8571428571428571,2948.802720413151,0.0483,0,99,127.37373737373736,5.0,1.0,1.0,1.0,0.0,1.0,1.0,1.0,212,129.36320754716982,5.0,1.0,1.0,1.0,0.0,1.0,1.0,1.0,189,128.17142857142858,5.0,1.0,1.0,1.0,0.0,1.0,1.0,1.0,0.0,0,0.0,0.0,0.0,0
5,500,134.076,6.109946862834958,6.0,0.0,0,0,0,0,1.0,0.0,1,1,1.0,0.0,1,1,1.0,0.0,1,1,0.0,0.0,0,0,1.0,0.0,1,1,1.0,0.0,1,1,1.0,0.0,1,1,0.0,0.8571428571428571,2948.826530278782,0.0479,0,99,132.66464646464647,6.0,1.0,1.0,1.0,0.0,1.0,1.0,1.0,212,135.10849056603774,6.0,1.0,1.0,1.0,0.0,1.0,1.0,1.0,189,133.65714285714284,6.0,1.0,1.0,1.0,0.0,1.0,1.0,1.0,0.0,0,0.0,0.0,0.0,0
6,500,139.5784,7.420944241806437,7.0,0.0,0,0,0,0,1.0,0.0,1,1,1.0,0.0,1,1,1.0,0.0,1,1,0.0,0.0,0,0,1.0,0.0,1,1,1.0,0.0,1,1,1.0,0.0,1,1,0.0,0.8571428571428571,2948.8292702094504,0.0476,0,99,137.95151515151514,7.0,1.0,1.0,1.0,0.0,1.0,1.0,1.0,212,140.7518867924528,7.0,1.0,1.0,1.0,0.0,1.0,1.0,1.0,189,139.1142857142857,7.0,1.0,1.0,1.0,0.0,1.0,1.0,1.0,0.0,0,0.0,0.0,0.0,0
7,500,144.94039999999998,8.829821884198276,8.0,0.0,0,0,0,0,1.0,0.0,1,1,1.0,0.0,1,1,1.0,0.0,1,1,0.0,0.0,0,0,1.0,0.0,1,1,1.0,0.0,1,1,1.0,0.0,1,1,0.0,0.8571428571428571,2948.825563108812,0.0469,0,99,143.12929292929292,8.0,1.0,1.0,1.0,0.0,1.0,1.0,1.0,212,146.21698113207546,8.0,1.0,1.0,1.0,0.0,1.0,1.0,1.0,189,144.45714285714283,8.0,1.0,1.0,1.0,0.0,1.0,1.0,1.0,0.0,0,0.0,0.0,0.0,0
8,500,150.2916,10.272532117577773,9.0,0.0,0,0,0,0,1.0,0.0,1,1,1.0,0.0,1,1,1.0,0.0,1,1,0.0,0.0,0,0,1.0,0.0,1,1,1.0,0.0,1,1,1.0,0.0,1,1,0.0,0.8571428571428571,2948.8157788400413,0.0469,0,99,148.19797979797977,9.0,1.0,1.0,1.0,0.0,1.0,1.0,1.0,212,151.70754716981133,9.0,1.0,1.0,1.0,0.0,1.0,1.0,1.0,189,149.79999999999998,9.0,1.0,1.0,1.0,0.0,1.0,1.0,1.0,0.0,0,0.0,0.0,0.0,0
9,500,155.686,11.752291861590244,10.0,0.0,0,0,0,0,1.0,0.0,1,1,1.0,0.0,1,1,1.0,0.0,1,1,0.0,0.0,0,0,1.0,0.0,1,1,1.0,0.0,1,1,1.0,0.0,1,1,0.0,0.8571428571428571,2948.805684614705,0.047,0,100,153.496,10.0,1.0,1.0,1.0,0.0,1.0,1.0,1.0,211,157.26161137440758,10.0,1.0,1.0,1.0,0.0,1.0,1.0,1.0,189,155.08571428571426,10.0,1.0,1.0,1.0,0.0,1.0,1.0,1.0,0.0,0,0.0,0.0,0.0,0
10,500,160.96439999999998,13.269153677106427,11.0,0.0,0,0,0,0,1.0,0.0,1,1,1.0,0.0,1,1,1.0,0.0,1,1,0.0,0.0,0,0,1.0,0.0,1,1,1.0,0.0,1,1,1.0,0.0,1,1,0.0,0.8571428571428571,2948.8062830399695,0.0465,0,100,158.588,11.0,1.0,1.0,1.0,0.0,1.0,1.0,1.0,211,162.72417061611375,11.0,1.0,1.0,1.0,0.0,1.0,1.0,1.0,189,160.25714285714284,11.0,1.0,1.0,1.0,0.0,1.0,1.0,1.0,0.0,0,0.0,0.0,0.0,0
11,500,166.1752,14.847188677546571,12.0,0.0,0,0,0,0,1.0,0.0,1,1,1.0,0.0,1,1,1.0,0.0,1,1,0.0,0.0,0,0,1.0,0.0,1,1,1.0,0.0,1,1,1.0,0.0,1,1,0.0,0.8571428571428571,2948.801326033343,0.0461,0,100,163.71999999999997,12.0,1.0,1.0,1.0,0.0,1.0,1.0,1.0,211,168.05876777251183,12.0,1.0,1.0,1.0,0.0,1.0,1.0,1.0,189,165.37142857142857,12.0,1.0,1.0,1.0,0.0,1.0,1.0,1.0,0.0,0,0.0,0.0,0.0,0
12,500,171.3132,16.270913488799593,13.0,0.0,0,0,0,0,1.0,0.0,1,1,1.0,0.0,1,1,1.0,0.0,1,1,0.0,0.0,0,0,1.0,0.0,1,1,1.0,0.0,1,1,1.0,0.0,1,1,0.0,0.8571428571428571,2948.805725905998,0.0458,0,100,168.74399999999997,13.0,1.0,1.0,1.0,0.0,1.0,1.0,1.0,211,173.34218009478673,13.0,1.0,1.0,1.0,0.0,1.0,1.0,1.0,189,170.40740740740742,13.0,1.0,1.0,1.0,0.0,1.0,1.0,1.0,0.0,0,0.0,0.0,0.0,0
13,500,176.3648,17.76356686104081,14.0,0.0,0,0,0,0,1.0,0.0,1,1,1.0,0.0,1,1,1.0,0.0,1,1,0.0,0.0,0,0,1.0,0.0,1,1,1.0,0.0,1,1,1.0,0.0,1,1,0.0,0.8571428571428571,2948.8156420393593,0.0454,0,100,173.768,14.0,1.0,1.0,1.0,0.0,1.0,1.0,1.0,211,178.57440758293836,14.0,1.0,1.0,1.0,0.0,1.0,1.0,1.0,189,175.27195767195764,14.0,1.0,1.0,1.0,0.0,1.0,1.0,1.0,0.0,0,0.0,0.0,0.0,0
14,500,181.448,19.34561972816243,15.0,0.0,0,0,0,0,1.0,0.0,1,1,1.0,0.0,1,1,1.0,0.0,1,1,0.0,0.0,0,0,1.0,0.0,1,1,1.0,0.0,1,1,1.0,0.0,1,1,0.0,0.8571428571428571,2948.825070853814,0.0455,0,100,178.68399999999997,15.0,1.0,1.0,1.0,0.0,1.0,1.0,1.0,211,183.88151658767774,15.0,1.0,1.0,1.0,0.0,1.0,1.0,1.0,189,180.1936507936508,15.0,1.0,1.0,1.0,0.0,1.0,1.0,1.0,0.0,0,0.0,0.0,0.0,0
15,500,186.476,20.993643418901847,16.0,0.0,0,0,0,0,1.0,0.0,1,1,1.0,0.0,1,1,1.0,0.0,1,1,0.0,0.0,0,0,1.0,0.0,1,1,1.0,0.0,1,1,1.0,0.0,1,1,0.0,0.8571428571428571,2948.828269671871,0.0452,0,100,183.6,16.0,1.0,1.0,1.0,0.0,1.0,1.0,1.0,211,189.1345971563981,16.0,1.0,1.0,1.0,0.0,1.0,1.0,1.0,189,185.02962962962962,16.0,1.0,1.0,1.0,0.0,1.0,1.0,1.0,0.0,0,0.0,0.0,0.0,0
16,500,191.45359999999997,22.64521657451453,17.0,0.0,0,0,0,0,1.0,0.0,1,1,1.0,0.0,1,1,1.0,0.0,1,1,0.0,0.0,0,0,1.0,0.0,1,1,1.0,0.0,1,1,1.0,0.0,1,1,0.0,0.8571428571428571,2948.828945931588,0.045,0,100,188.516,17.0,1.0,1.0,1.0,0.0,1.0,1.0,1.0,212,194.38113207547167,17.0,1.0,1.0,1.0,0.0,1.0,1.0,1.0,188,189.71489361702123,17.0,1.0,1.0,1.0,0.0,1.0,1.0,1.0,0.0,0,0.0,0.0,0.0,0
17,500,196.38,24.33727977130287,18.0,0.0,0,0,0,0,1.0,0.0,1,1,1.0,0.0,1,1,1.0,0.0,1,1,0.0,0.0,0,0,1.0,0.0,1,1,1.0,0.0,1,1,1.0,0.0,1,1,0.0,0.8571428571428571,2948.821481377942,0.0448,0,100,193.21599999999998,18.0,1.0,1.0,1.0,0.0,1.0,1.0,1.0,212,199.64622641509433,18.0,1.0,1.0,1.0,0.0,1.0,1.0,1.0,188,194.3797872340425,18.0,1.0,1.0,1.0,0.0,1.0,1.0,1.0,0.0,0,0.0,0.0,0.0,0
18,500,201.268,26.08163139069336,19.0,0.0,0,0,0,0,1.0,0.0,1,1,1.0,0.0,1,1,1.0,0.0,1,1,0.0,0.0,0,0,1.0,0.0,1,1,1.0,0.0,1,1,1.0,0.0,1,1,0.0,0.8571428571428571,2948.7816300133177,0.0447,0,100,197.916,19.0,1.0,1.0,1.0,0.0,1.0,1.0,1.0,212,204.91132075471697,19.0,1.0,1.0,1.0,0.0,1.0,1.0,1.0,188,198.94255319148934,19.0,1.0,1.0,1.0,0.0,1.0,1.0,1.0,0.0,0,0.0,0.0,0.0,0
19,500,206.15319999999997,27.855131599521624,20.0,0.0,0,0,0,0,1.0,0.0,1,1,1.0,0.0,1,1,1.0,0.0,1,1,0.0,0.0,0,0,1.0,0.0,1,1,1.0,0.0,1,1,1.0,0.0,1,1,0.0,0.8571428571428571,2948.770721864282,0.0446,0,100,202.67,20.0,1.0,1.0,1.0,0.0,1.0,1.0,1.0,211,210.07867298578194,20.0,1.0,1.0,1.0,0.0,1.0,1.0,1.0,189,203.6137566137566,20.0,1.0,1.0,1.0,0.0,1.0,1.0,1.0,0.0,0,0.0,0.0,0.0,0
20,500,211.0304,29.568060174902723,21.0,0.0,0,0,0,0,1.0,0.0,1,1,1.0,0.0,1,1,1.0,0.0,1,1,0.0,0.0,0,0,1.0,0.0,1,1,1.0,0.0,1,1,1.0,0.0,1,1,0.0,0.8571428571428571,2948.731281182468,0.0446,0,100,207.53199999999998,21.0,1.0,1.0,1.0,0.0,1.0,1.0,1.0,211,215.2379146919431,21.0,1.0,1.0,1.0,0.0,1.0,1.0,1.0,189,208.18412698412692,21.0,1.0,1.0,1.0,0.0,1.0,1.0,1.0,0.0,0,0.0,0.0,0.0,0
21,500,215.8104,31.255921868343634,22.0,0.0,0,0,0,0,1.0,0.0,1,1,1.0,0.0,1,1,1.0,0.0,1,1,0.0,0.0,0,0,1.0,0.0,1,1,1.0,0.0,1,1,1.0,0.0,1,1,0.0,0.8571428571428571,2948.7205070375862,0.0442,0,100,212.17799999999997,22.0,1.0,1.0,1.0,0.0,1.0,1.0,1.0,211,220.3715639810426,22.0,1.0,1.0,1.0,0.0,1.0,1.0,1.0,189,212.6402116402116,22.0,1.0,1.0,1.0,0.0,1.0,1.0,1.0,0.0,0,0.0,0.0,0.0,0
22,500,220.49159999999998,32.96924743009262,23.0,0.0,0,0,0,0,1.0,0.0,1,1,1.0,0.0,1,1,1.0,0.0,1,1,0.0,0.0,0,0,1.0,0.0,1,1,1.0,0.0,1,1,1.0,0.0,1,1,0.0,0.8571428571428571,2948.7355356077633,0.0437,0,100,216.60799999999995,23.0,1.0,1.0,1.0,0.0,1.0,1.0,1.0,211,225.37535545023695,23.0,1.0,1.0,1.0,0.0,1.0,1.0,1.0,189,217.09417989417992,23.0,1.0,1.0,1.0,0.0,1.0,1.0,1.0,0.0,0,0.0,0.0,0.0,0
23,500,225.18919999999994,34.72261957322156,24.0,0.0,0,0,0,0,1.0,0.0,1,1,1.0,0.0,1,1,1.0,0.0,1,1,0.0,0.0,0,0,1.0,0.0,1,1,1.0,0.0,1,1,1.0,0.0,1,1,0.0,0.8571428571428571,2948.740006347796,0.0437,0,100,221.21399999999997,24.0,1.0,1.0,1.0,0.0,1.0,1.0,1.0,211,230.3725118483412,24.0,1.0,1.0,1.0,0.0,1.0,1.0,1.0,189,221.50582010582005,24.0,1.0,1.0,1.0,0.0,1.0,1.0,1.0,0.0,0,0.0,0.0,0.0,0
24,499,223.8709418837675,36.10699332884324,25.0,0.0,0,1,0,1,1.0,0.0,1,1,1.0,0.0,1,1,1.0,0.0,1,1,0.0,0.0,0,0,1.0,0.0,1,1,1.0,0.0,1,1,1.0,0.0,1,1,0.0,0.8571428571428571,2950.4670365227767,0.0435,0,100,225.82,25.0,1.0,1.0,1.0,0.0,1.0,1.0,1.0,211,224.2976303317535,25.0,1.0,1.0,1.0,0.0,1.0,1.0,1.0,188,222.3553191489361,25.0,1.0,1.0,1.0,0.0,1.0,1.0,1.0,25.0,25,0.0,0.0,25.0,0
25,499,222.303006012024,38.05790648657537,26.0,0.0,0,1,0,1,1.0,0.0,1,1,1.0,0.0,1,1,1.0,0.0,1,1,0.0,0.0,0,0,1.0,0.0,1,1,1.0,0.0,1,1,1.0,0.0,1,1,0.0,0.8571428571428571,2950.4672974360974,0.0428,0,100,230.426,26.0,1.0,1.0,1.0,0.0,1.0,1.0,1.0,212,218.20283018867917,26.0,1.0,1.0,1.0,0.0,1.0,1.0,1.0,187,222.607486631016,26.0,1.0,1.0,1.0,0.0,1.0,1.0,1.0,25.0,25,0.0,0.0,25.0,0
26,499,220.7815631262525,40.445908451277134,27.0,0.0,0,1,0,1,1.0,0.0,1,1,1.0,0.0,1,1,1.0,0.0,1,1,0.0,0.0,0,0,1.0,0.0,1,1,1.0,0.0,1,1,1.0,0.0,1,1,0.0,0.8571428571428571,2950.4613903084955,0.0432,0,100,234.92399999999995,27.0,1.0,1.0,1.0,0.0,1.0,1.0,1.0,212,212.0839622641509,27.0,1.0,1.0,1.0,0.0,1.0,1.0,1.0,187,223.07914438502667,27.0,1.0,1.0,1.0,0.0,1.0,1.0,1.0,25.0,25,0.0,0.0,25.0,0
27,499,219.2645290581162,43.195722765792205,28.0,0.0,0,1,0,1,1.0,0.0,1,1,1.0,0.0,1,1,1.0,0.0,1,1,0.0,0.0,0,0,1.0,0.0,1,1,1.0,0.0,1,1,1.0,0.0,1,1,0.0,0.8571428571428571,2950.471715498124,0.0433,0,100,239.48999999999995,28.0,1.0,1.0,1.0,0.0,1.0,1.0,1.0,212,205.93962264150937,28.0,1.0,1.0,1.0,0.0,1.0,1.0,1.0,187,223.5550802139037,28.0,1.0,1.0,1.0,0.0,1.0,1.0,1.0,25.0,25,0.0,0.0,25.0,0
28,499,217.6593186372745,46.201882894199045,29.0,0.0,0,1,0,1,1.0,0.0,1,1,1.0,0.0,1,1,1.0,0.0,1,1,0.0,0.0,0,0,1.0,0.0,1,1,1.0,0.0,1,1,1.0,0.0,1,1,0.0,0.8571428571428571,2950.758794817174,0.0431,0,99,243.63838383838382,29.0,1.0,1.0,1.0,0.0,1.0,1.0,1.0,214,200.18317757009345,29.0,1.0,1.0,1.0,0.0,1.0,1.0,1.0,186,223.9387096774193,29.0,1.0,1.0,1.0,0.0,1.0,1.0,1.0,25.0,25,0.0,0.0,25.0,0
29,499,215.99519038076147,49.3971248366889,30.0,0.0,0,1,0,1,1.0,0.0,1,1,1.0,0.0,1,1,1.0,0.0,1,1,0.0,0.0,0,0,1.0,0.0,1,1,1.0,0.0,1,1,1.0,0.0,1,1,0.0,0.8571428571428571,2950.7422202549274,0.0428,0,99,247.70707070707067,30.0,1.0,1.0,1.0,0.0,1.0,1.0,1.0,214,194.05233644859808,30.0,1.0,1.0,1.0,0.0,1.0,1.0,1.0,186,224.3623655913978,30.0,1.0,1.0,1.0,0.0,1.0,1.0,1.0,25.0,25,0.0,0.0,25.0,0
30,499,214.29298597194386,52.81567407905844,31.0,0.0,0,1,0,1,1.0,0.0,1,1,1.0,0.0,1,1,1.0,0.0,1,1,0.0,0.0,0,0,1.0,0.0,1,1,1.0,0.0,1,1,1.0,0.0,1,1,0.0,0.8571428571428571,2950.730792457589,0.0426,0,99,251.7555555555555,31.0,1.0,1.0,1.0,0.0,1.0,1.0,1.0,214,187.8663551401869,31.0,1.0,1.0,1.0,0.0,1.0,1.0,1.0,186,224.758064516129,31.0,1.0,1.0,1.0,0.0,1.0,1.0,1.0,25.0,25,0.0,0.0,25.0,0
31,499,212.5102204408817,56.35642355019446,32.0,0.0,0,1,0,1,1.0,0.0,1,1,1.0,0.0,1,1,1.0,0.0,1,1,0.0,0.0,0,0,1.0,0.0,1,1,1.0,0.0,1,1,1.0,0.0,1,1,0.0,0.8571428571428571,2950.720138496631,0.0421,0,99,255.6464646464646,32.0,1.0,1.0,1.0,0.0,1.0,1.0,1.0,214,181.62990654205606,32.0,1.0,1.0,1.0,0.0,1.0,1.0,1.0,186,225.07956989247305,32.0,1.0,1.0,1.0,0.0,1.0,1.0,1.0,25.0,25,0.0,0.0,25.0,0
32,499,210.79238476953907,59.99266684861413,33.0,0.0,0,1,0,1,1.0,0.0,1,1,1.0,0.0,1,1,1.0,0.0,1,1,0.0,0.0,0,0,1.0,0.0,1,1,1.0,0.0,1,1,1.0,0.0,1,1,0.0,0.8571428571428571,2950.701586653334,0.0423,0,99,259.65050505050505,33.0,1.0,1.0,1.0,0.0,1.0,1.0,1.0,214,175.49439252336444,33.0,1.0,1.0,1.0,0.0,1.0,1.0,1.0,186,225.39892473118277,33.0,1.0,1.0,1.0,0.0,1.0,1.0,1.0,25.0,25,0.0,0.0,25.0,0
33,499,209.00178356713423,63.74732614607039,34.0,0.0,0,1,0,1,1.0,0.0,1,1,1.0,0.0,1,1,1.0,0.0,1,1,0.0,0.0,0,0,1.0,0.0,1,1,1.0,0.0,1,1,1.0,0.0,1,1,0.0,0.8571428571428571,2950.7080601061975,0.0418,0,99,263.59999999999997,34.0,1.0,1.0,1.0,0.0,1.0,1.0,1.0,214,169.28266355140184,34.0,1.0,1.0,1.0,0.0,1.0,1.0,1.0,186,225.6397849462365,34.0,1.0,1.0,1.0,0.0,1.0,1.0,1.0,25.0,25,0.0,0.0,25.0,0
34,499,207.18515030060118,67.62669259345543,35.0,0.0,0,1,0,1,1.0,0.0,1,1,1.0,0.0,1,1,1.0,0.0,1,1,0.0,0.0,0,0,1.0,0.0,1,1,1.0,0.0,1,1,1.0,0.0,1,1,0.0,0.8571428571428571,2950.6966553253123,0.0415,0,100,266.812,35.0,1.0,1.0,1.0,0.0,1.0,1.0,1.0,213,162.87319248826287,35.0,1.0,1.0,1.0,0.0,1.0,1.0,1.0,186,225.87204301075266,35.0,1.0,1.0,1.0,0.0,1.0,1.0,1.0,25.0,25,0.0,0.0,25.0,0
35,499,205.38719438877754,71.5678710417031,36.0,0.0,0,1,0,1,1.0,0.0,1,1,1.0,0.0,1,1,1.0,0.0,1,1,0.0,0.0,0,0,1.0,0.0,1,1,1.0,0.0,1,1,1.0,0.0,1,1,0.0,0.8571428571428571,2950.690895966418,0.0415,0,101,270.0039603960396,36.0,1.0,1.0,1.0,0.0,1.0,1.0,1.0,212,156.49627358490562,36.0,1.0,1.0,1.0,0.0,1.0,1.0,1.0,186,226.02473118279565,36.0,1.0,1.0,1.0,0.0,1.0,1.0,1.0,25.0,25,0.0,0.0,25.0,0
36,498,203.87132864792503,75.05672841206552,37.0,0.0,0,2,1,1,1.0,0.0,1,1,1.0,0.0,1,1,1.0,0.0,1,1,0.0,0.0,0,0,1.0,0.0,1,1,1.0,0.0,1,1,1.0,0.0,1,1,0.0,0.8571428571428571,2946.7796671709793,0.0407,0,101,273.80594059405934,37.0,1.0,1.0,1.0,0.0,1.0,1.0,1.0,211,150.79962875197472,37.0,1.0,1.0,1.0,0.0,1.0,1.0,1.0,186,226.10107526881714,37.0,1.0,1.0,1.0,0.0,1.0,1.0,1.0,31.0,37,0.0,0.0,31.0,0
37,495,203.275936026936,77.65362757946781,38.0,0.0,0,5,4,1,1.0,0.0,1,1,1.0,0.0,1,1,1.0,0.0,1,1,0.0,0.0,0,0,1.0,0.0,1,1,1.0,0.0,1,1,1.0,0.0,1,1,0.0,0.8571428571428571,2935.3015164674766,0.0409,0,101,277.6079207920792,38.0,1.0,1.0,1.0,0.0,1.0,1.0,1.0,208,146.6605208333333,38.0,1.0,1.0,1.0,0.0,1.0,1.0,1.0,186,226.22473118279564,38.0,1.0,1.0,1.0,0.0,1.0,1.0,1.0,35.2,38,0.0,0.0,35.2,0
38,494,201.86665654520917,81.1584385988127,39.0,0.0,0,6,5,1,1.0,0.0,1,1,1.0,0.0,1,1,1.0,0.0,1,1,0.0,0.0,0,0,1.0,0.0,1,1,1.0,0.0,1,1,1.0,0.0,1,1,0.0,0.8571428571428571,2934.5705754631977,0.0405,0,101,281.57029702970294,39.0,1.0,1.0,1.0,0.0,1.0,1.0,1.0,207,141.1841948470209,39.0,1.0,1.0,1.0,0.0,1.0,1.0,1.0,186,226.12043010752686,39.0,1.0,1.0,1.0,0.0,1.0,1.0,1.0,35.833333333333336,39,0.0,0.0,35.833333333333336,0
39,492,200.88491531165312,84.32332290176282,40.0,0.0,0,8,7,1,1.0,0.0,1,1,1.0,0.0,1,1,1.0,0.0,1,1,0.0,0.0,0,0,1.0,0.0,1,1,1.0,0.0,1,1,1.0,0.0,1,1,0.0,0.8571428571428571,2933.1059511494104,0.0404,0,101,285.38613861386136,40.0,1.0,1.0,1.0,0.0,1.0,1.0,1.0,205,136.3823333333333,40.0,1.0,1.0,1.0,0.0,1.0,1.0,1.0,186,226.09139784946234,40.0,1.0,1.0,1.0,0.0,1.0,1.0,1.0,36.875,40,0.0,0.0,36.875,0
40,489,200.34649965916836,87.18861470029543,41.0,0.0,0,11,10,1,1.0,0.0,1,1,1.0,0.0,1,1,1.0,0.0,1,1,0.0,0.0,0,0,1.0,0.0,1,1,1.0,0.0,1,1,1.0,0.0,1,1,0.0,0.8571428571428571,2941.5884482668694,0.0401,0,101,289.30891089108906,41.0,1.0,1.0,1.0,0.0,1.0,1.0,1.0,202,132.16652640264024,41.0,1.0,1.0,1.0,0.0,1.0,1.0,1.0,186,226.0838709677419,41.0,1.0,1.0,1.0,0.0,1.0,1.0,1.0,38.0,41,0.0,0.0,38.0,0
41,482,201.61619986168736,88.46839101774168,42.0,0.0,0,18,17,1,1.0,0.0,1,1,1.0,0.0,1,1,1.0,0.0,1,1,0.0,0.0,0,0,1.0,0.0,1,1,1.0,0.0,1,1,1.0,0.0,1,1,0.0,0.8571428571428571,2940.309964323518,0.0399,0,101,293.23168316831675,42.0,1.0,1.0,1.0,0.0,1.0,1.0,1.0,195,130.83286324786326,42.0,1.0,1.0,1.0,0.0,1.0,1.0,1.0,186,226.0763440860215,42.0,1.0,1.0,1.0,0.0,1.0,1.0,1.0,39.55555555555556,42,0.0,0.0,39.55555555555556,0
42,481,200.30800069300065,92.15101266140306,43.0,0.0,0,19,18,1,1.0,0.0,1,1,1.0,0.0,1,1,1.0,0.0,1,1,0.0,0.0,0,0,1.0,0.0,1,1,1.0,0.0,1,1,1.0,0.0,1,1,0.0,0.8571428571428571,2942.187282388859,0.0395,0,101,297.1148514851485,43.0,1.0,1.0,1.0,0.0,1.0,1.0,1.0,196,125.30789965986392,43.0,1.0,1.0,1.0,0.0,1.0,1.0,1.0,184,227.06086956521733,43.0,1.0,1.0,1.0,0.0,1.0,1.0,1.0,39.73684210526316,43,0.0,0.0,39.73684210526316,0
43,475,201.08620701754384,94.00306834617865,44.0,0.0,0,25,24,1,1.0,0.0,1,1,1.0,0.0,1,1,1.0,0.0,1,1,0.0,0.0,0,0,1.0,0.0,1,1,1.0,0.0,1,1,1.0,0.0,1,1,0.0,0.8571428571428571,2940.022725927203,0.0388,0,101,300.78415841584155,44.0,1.0,1.0,1.0,0.0,1.0,1.0,1.0,190,123.08288596491226,44.0,1.0,1.0,1.0,0.0,1.0,1.0,1.0,184,226.90760869565213,44.0,1.0,1.0,1.0,0.0,1.0,1.0,1.0,40.76,44,0.0,0.0,40.76,0
44,475,199.367049122807,98.07065879592427,45.0,0.0,0,25,24,1,1.0,0.0,1,1,1.0,0.0,1,1,1.0,0.0,1,1,0.0,0.0,0,0,1.0,0.0,1,1,1.0,0.0,1,1,1.0,0.0,1,1,0.0,0.8571428571428571,2940.0380814568744,0.0388,0,101,304.62376237623766,45.0,1.0,1.0,1.0,0.0,1.0,1.0,1.0,190,116.94920175438595,45.0,1.0,1.0,1.0,0.0,1.0,1.0,1.0,184,226.695652173913,45.0,1.0,1.0,1.0,0.0,1.0,1.0,1.0,40.76,44,0.0,0.0,40.76,0
45,473,198.5330831571529,101.55614105867632,46.0,0.0,0,27,26,1,1.0,0.0,1,1,1.0,0.0,1,1,1.0,0.0,1,1,0.0,0.0,0,0,1.0,0.0,1,1,1.0,0.0,1,1,1.0,0.0,1,1,0.0,0.8571428571428571,2945.184535905751,0.0388,0,101,308.58811881188115,46.0,1.0,1.0,1.0,0.0,1.0,1.0,1.0,188,112.0518528368794,46.0,1.0,1.0,1.0,0.0,1.0,1.0,1.0,184,226.48369565217388,46.0,1.0,1.0,1.0,0.0,1.0,1.0,1.0,41.148148148148145,46,0.0,0.0,41.148148148148145,0
46,466,199.77499642346206,103.53550068614489,47.0,0.0,0,34,33,1,1.0,0.0,1,1,1.0,0.0,1,1,1.0,0.0,1,1,0.0,0.0,0,0,1.0,0.0,1,1,1.0,0.0,1,1,1.0,0.0,1,1,0.0,0.8571428571428571,2934.7811432921208,0.038,0,101,312.3366336633663,47.0,1.0,1.0,1.0,0.0,1.0,1.0,1.0,181,110.0284438305709,47.0,1.0,1.0,1.0,0.0,1.0,1.0,1.0,184,226.27173913043475,47.0,1.0,1.0,1.0,0.0,1.0,1.0,1.0,42.35294117647059,47,0.0,0.0,42.35294117647059,0
47,460,200.70700724637678,105.84680982207077,48.0,0.0,0,40,39,1,1.0,0.0,1,1,1.0,0.0,1,1,1.0,0.0,1,1,0.0,0.0,0,0,1.0,0.0,1,1,1.0,0.0,1,1,1.0,0.0,1,1,0.0,0.8571428571428571,2921.4966089369755,0.0375,0,101,316.18811881188117,48.0,1.0,1.0,1.0,0.0,1.0,1.0,1.0,175,107.4355619047619,48.0,1.0,1.0,1.0,0.0,1.0,1.0,1.0,184,226.02717391304344,48.0,1.0,1.0,1.0,0.0,1.0,1.0,1.0,43.2,48,0.0,0.0,43.2,0
48,459,199.59839506172838,109.57085423593743,49.0,0.0,0,41,40,1,1.0,0.0,1,1,1.0,0.0,1,1,1.0,0.0,1,1,0.0,0.0,0,0,1.0,0.0,1,1,1.0,0.0,1,1,1.0,0.0,1,1,0.0,0.8571428571428571,2924.4856012851897,0.0377,0,101,320.0,49.0,1.0,1.0,1.0,0.0,1.0,1.0,1.0,174,102.03254789272029,49.0,1.0,1.0,1.0,0.0,1.0,1.0,1.0,184,225.77173913043475,49.0,1.0,1.0,1.0,0.0,1.0,1.0,1.0,43.34146341463415,49,0.0,0.0,43.34146341463415,0
49,456,198.38840643274852,108.18033659991488,50.0,0.0,0,44,41,3,1.0,0.0,1,1,1.0,0.0,1,1,1.0,0.0,1,1,0.0,0.0,0,0,1.0,0.0,1,1,1.0,0.0,1,1,1.0,0.0,1,1,0.0,0.8571428571428571,2932.2807975669803,0.0376,0,101,312.8336633663366,50.0,1.0,1.0,1.0,0.0,1.0,1.0,1.0,171,103.64276803118906,50.0,1.0,1.0,1.0,0.0,1.0,1.0,1.0,184,223.61956521739125,50.0,1.0,1.0,1.0,0.0,1.0,1.0,1.0,43.79545454545455,50,0.0,0.0,43.79545454545455,0
50,456,196.32967836257308,107.0690963410787,51.0,0.0,0,44,41,3,1.0,0.0,1,1,1.0,0.0,1,1,1.0,0.0,1,1,0.0,0.0,0,0,1.0,0.0,1,1,1.0,0.0,1,1,1.0,0.0,1,1,0.0,0.8571428571428571,2932.2679081129704,0.0374,0,101,305.639603960396,51.0,1.0,1.0,1.0,0.0,1.0,1.0,1.0,171,104.78089668615983,51.0,1.0,1.0,1.0,0.0,1.0,1.0,1.0,184,221.40869565217386,51.0,1.0,1.0,1.0,0.0,1.0,1.0,1.0,43.79545454545455,50,0.0,0.0,43.79545454545455,0
51,456,194.28454678362573,106.03215848094818,52.0,0.0,0,44,41,3,1.0,0.0,1,1,1.0,0.0,1,1,1.0,0.0,1,1,0.0,0.0,0,0,1.0,0.0,1,1,1.0,0.0,1,1,1.0,0.0,1,1,0.0,0.8571428571428571,2932.21988223006,0.0374,0,101,298.3207920792079,52.0,1.0,1.0,1.0,0.0,1.0,1.0,1.0,171,105.94241715399612,52.0,1.0,1.0,1.0,0.0,1.0,1.0,1.0,184,219.2782608695652,52.0,1.0,1.0,1.0,0.0,1.0,1.0,1.0,43.79545454545455,50,0.0,0.0,43.79545454545455,0
52,455,192.59312820512815,104.90185878286222,53.0,0.0,0,45,42,3,1.0,0.0,1,1,1.0,0.0,1,1,1.0,0.0,1,1,0.0,0.0,0,0,1.0,0.0,1,1,1.0,0.0,1,1,1.0,0.0,1,1,0.0,0.8571428571428571,2934.4258280539652,0.0372,0,101,291.09306930693066,53.0,1.0,1.0,1.0,0.0,1.0,1.0,1.0,170,107.55925490196077,53.0,1.0,1.0,1.0,0.0,1.0,1.0,1.0,184,217.0891304347826,53.0,1.0,1.0,1.0,0.0,1.0,1.0,1.0,44.0,53,0.0,0.0,44.0,0
53,454,190.83569016152714,103.93233516119598,54.0,0.0,0,46,43,3,1.0,0.0,1,1,1.0,0.0,1,1,1.0,0.0,1,1,0.0,0.0,0,0,1.0,0.0,1,1,1.0,0.0,1,1,1.0,0.0,1,1,0.0,0.8571428571428571,2936.6117553808012,0.0369,0,101,283.8039603960396,54.0,1.0,1.0,1.0,0.0,1.0,1.0,1.0,169,109.13019723865877,54.0,1.0,1.0,1.0,0.0,1.0,1.0,1.0,184,214.84891304347823,54.0,1.0,1.0,1.0,0.0,1.0,1.0,1.0,44.21739130434783,54,0.0,0.0,44.21739130434783,0
54,448,191.202775297619,101.58951521044418,55.0,0.0,0,52,49,3,1.0,0.0,1,1,1.0,0.0,1,1,1.0,0.0,1,1,0.0,0.0,0,0,1.0,0.0,1,1,1.0,0.0,1,1,1.0,0.0,1,1,0.0,0.8571428571428571,2934.419824319135,0.0365,0,101,276.6336633663367,55.0,1.0,1.0,1.0,0.0,1.0,1.0,1.0,169,110.03694280078895,55.0,1.0,1.0,1.0,0.0,1.0,1.0,1.0,178,219.7898876404494,55.0,1.0,1.0,1.0,0.0,1.0,1.0,1.0,45.46153846153846,55,0.0,0.0,45.46153846153846,0
55,444,190.24572822822822,100.5305053781279,56.0,0.0,0,56,51,5,1.0,0.0,1,1,1.0,0.0,1,1,1.0,0.0,1,1,0.0,0.0,0,0,1.0,0.0,1,1,1.0,0.0,1,1,1.0,0.0,1,1,0.0,0.8571428571428571,2942.1819249808595,0.0364,0,101,269.48316831683167,56.0,1.0,1.0,1.0,0.0,1.0,1.0,1.0,167,110.84133732534929,56.0,1.0,1.0,1.0,0.0,1.0,1.0,1.0,176,220.1181818181818,56.0,1.0,1.0,1.0,0.0,1.0,1.0,1.0,46.214285714285715,56,0.0,0.0,46.214285714285715,0
56,442,188.89104826546,99.33607048137745,57.0,0.0,0,58,53,5,1.0,0.0,1,1,1.0,0.0,1,1,1.0,0.0,1,1,0.0,0.0,0,0,1.0,0.0,1,1,1.0,0.0,1,1,1.0,0.0,1,1,0.0,0.8571428571428571,2943.9084750267575,0.0359,0,101,262.09306930693066,57.0,1.0,1.0,1.0,0.0,1.0,1.0,1.0,165,113.15353535353532,57.0,1.0,1.0,1.0,0.0,1.0,1.0,1.0,176,217.8869886363636,57.0,1.0,1.0,1.0,0.0,1.0,1.0,1.0,46.58620689655172,57,0.0,0.0,46.58620689655172,0
57,439,187.9190053151101,98.01278302593221,58.0,0.0,0,61,55,6,1.0,0.0,1,1,1.0,0.0,1,1,1.0,0.0,1,1,0.0,0.0,0,0,1.0,0.0,1,1,1.0,0.0,1,1,1.0,0.0,1,1,0.0,0.8571428571428571,2943.357823569376,0.0357,0,101,254.74059405940596,58.0,1.0,1.0,1.0,0.0,1.0,1.0,1.0,165,114.0292323232323,58.0,1.0,1.0,1.0,0.0,1.0,1.0,1.0,173,219.3804624277456,58.0,1.0,1.0,1.0,0.0,1.0,1.0,1.0,47.14754098360656,58,0.0,0.0,47.14754098360656,0
58,438,186.05445966514455,97.30034729571028,59.0,0.0,0,62,56,6,1.0,0.0,1,1,1.0,0.0,1,1,1.0,0.0,1,1,0.0,0.0,0,0,1.0,0.0,1,1,1.0,0.0,1,1,1.0,0.0,1,1,0.0,0.8571428571428571,2946.5357346411733,0.0354,0,101,247.3495049504951,59.0,1.0,1.0,1.0,0.0,1.0,1.0,1.0,164,115.58148373983741,59.0,1.0,1.0,1.0,0.0,1.0,1.0,1.0,173,217.07624277456645,59.0,1.0,1.0,1.0,0.0,1.0,1.0,1.0,47.33870967741935,59,0.0,0.0,47.33870967741935,0
59,436,183.8583562691131,96.53402467777246,60.0,0.0,0,64,57,7,1.0,0.0,1,1,1.0,0.0,1,1,1.0,0.0,1,1,0.0,0.0,0,0,1.0,0.0,1,1,1.0,0.0,1,1,1.0,0.0,1,1,0.0,0.8571428571428571,2940.919490513693,0.0353,0,100,239.019,60.0,1.0,1.0,1.0,0.0,1.0,1.0,1.0,164,116.38142276422762,60.0,1.0,1.0,1.0,0.0,1.0,1.0,1.0,172,216.1266860465116,60.0,1.0,1.0,1.0,0.0,1.0,1.0,1.0,47.734375,60,0.0,0.0,47.734375,0
60,431,183.7821809744779,94.82443852245711,61.0,0.0,0,69,62,7,1.0,0.0,1,1,1.0,0.0,1,1,1.0,0.0,1,1,0.0,0.0,0,0,1.0,0.0,1,1,1.0,0.0,1,1,1.0,0.0,1,1,0.0,0.8571428571428571,2926.910584066619,0.0355,0,98,236.47047619047623,61.0,1.0,1.0,1.0,0.0,1.0,1.0,1.0,164,117.2841056910569,61.0,1.0,1.0,1.0,0.0,1.0,1.0,1.0,169,217.75988165680474,61.0,1.0,1.0,1.0,0.0,1.0,1.0,1.0,48.69565217391305,61,0.0,0.0,48.69565217391305,0
61,428,182.85797507788158,93.78083942292693,62.0,0.0,0,72,65,7,1.0,0.0,1,1,1.0,0.0,1,1,1.0,0.0,1,1,0.0,0.0,0,0,1.0,0.0,1,1,1.0,0.0,1,1,1.0,0.0,1,1,0.0,0.8571428571428571,2927.9636344702285,0.0353,0,95,236.42694736842105,62.0,1.0,1.0,1.0,0.0,1.0,1.0,1.0,164,118.08520325203251,62.0,1.0,1.0,1.0,0.0,1.0,1.0,1.0,169,215.60165680473372,62.0,1.0,1.0,1.0,0.0,1.0,1.0,1.0,49.25,62,0.0,0.0,49.25,0
62,423,182.84502758077224,92.15223982583288,63.0,0.0,0,77,70,7,1.0,0.0,1,1,1.0,0.0,1,1,1.0,0.0,1,1,0.0,0.0,0,0,1.0,0.0,1,1,1.0,0.0,1,1,1.0,0.0,1,1,0.0,0.8571428571428571,2917.613025766151,0.0352,0,93,234.20279569892475,63.0,1.0,1.0,1.0,0.0,1.0,1.0,1.0,164,118.82489837398374,63.0,1.0,1.0,1.0,0.0,1.0,1.0,1.0,166,217.32110441767065,63.0,1.0,1.0,1.0,0.0,1.0,1.0,1.0,50.142857142857146,63,0.0,0.0,50.142857142857146,0
63,417,182.67888888888888,90.46623068759928,64.0,0.0,0,83,75,8,1.0,0.0,1,1,1.0,0.0,1,1,1.0,0.0,1,1,0.0,0.0,0,0,1.0,0.0,1,1,1.0,0.0,1,1,1.0,0.0,1,1,0.0,0.8571428571428571,2913.3317107618504,0.035,0,93,227.10817204301077,64.0,1.0,1.0,1.0,0.0,1.0,1.0,1.0,161,121.76778467908902,64.0,1.0,1.0,1.0,0.0,1.0,1.0,1.0,163,217.49339468302654,64.0,1.0,1.0,1.0,0.0,1.0,1.0,1.0,51.144578313253014,64,0.0,0.0,51.144578313253014,0
64,415,181.48999196787145,89.91060709496972,65.0,0.0,0,85,77,8,1.0,0.0,1,1,1.0,0.0,1,1,1.0,0.0,1,1,0.0,0.0,0,0,1.0,0.0,1,1,1.0,0.0,1,1,1.0,0.0,1,1,0.0,0.8571428571428571,2916.2696318249496,0.0348,0,93,220.01569892473123,65.0,1.0,1.0,1.0,0.0,1.0,1.0,1.0,161,122.44293995859212,65.0,1.0,1.0,1.0,0.0,1.0,1.0,1.0,161,218.2830641821946,65.0,1.0,1.0,1.0,0.0,1.0,1.0,1.0,51.470588235294116,65,0.0,0.0,51.470588235294116,0
65,415,179.3011244979919,90.09223914472514,66.0,0.0,0,85,77,8,1.0,0.0,1,1,1.0,0.0,1,1,1.0,0.0,1,1,0.0,0.0,0,0,1.0,0.0,1,1,1.0,0.0,1,1,1.0,0.0,1,1,0.0,0.8571428571428571,2916.178913156809,0.0343,0,93,212.725376344086,66.0,1.0,1.0,1.0,0.0,1.0,1.0,1.0,161,123.03325051759832,66.0,1.0,1.0,1.0,0.0,1.0,1.0,1.0,161,216.2618219461698,66.0,1.0,1.0,1.0,0.0,1.0,1.0,1.0,51.470588235294116,65,0.0,0.0,51.470588235294116,0
66,409,179.56304808475957,88.77892679207584,67.0,0.0,0,91,82,9,1.0,0.0,1,1,1.0,0.0,1,1,1.0,0.0,1,1,0.0,0.0,0,0,1.0,0.0,1,1,1.0,0.0,1,1,1.0,0.0,1,1,0.0,0.8571428571428571,2913.64051480335,0.0344,0,90,212.7428888888889,67.0,1.0,1.0,1.0,0.0,1.0,1.0,1.0,161,123.64759834368527,67.0,1.0,1.0,1.0,0.0,1.0,1.0,1.0,158,217.64027426160337,67.0,1.0,1.0,1.0,0.0,1.0,1.0,1.0,52.494505494505496,67,0.0,0.0,52.494505494505496,0
67,405,178.279670781893,88.56031638085625,68.0,0.0,0,95,84,11,1.0,0.0,1,1,1.0,0.0,1,1,1.0,0.0,1,1,0.0,0.0,0,0,1.0,0.0,1,1,1.0,0.0,1,1,1.0,0.0,1,1,0.0,0.8571428571428571,2919.080154610054,0.0338,0,90,205.66288888888892,68.0,1.0,1.0,1.0,0.0,1.0,1.0,1.0,160,123.99189583333332,68.0,1.0,1.0,1.0,0.0,1.0,1.0,1.0,155,218.4187311827957,68.0,1.0,1.0,1.0,0.0,1.0,1.0,1.0,53.14736842105263,68,0.0,0.0,53.14736842105263,0
68,403,176.41682795698924,88.57233666987227,69.0,0.0,0,97,85,12,1.0,0.0,1,1,1.0,0.0,1,1,1.0,0.0,1,1,0.0,0.0,0,0,1.0,0.0,1,1,1.0,0.0,1,1,1.0,0.0,1,1,0.0,0.8571428571428571,2910.5165367928407,0.0338,0,89,197.63426966292135,69.0,1.0,1.0,1.0,0.0,1.0,1.0,1.0,159,125.33432914046121,69.0,1.0,1.0,1.0,0.0,1.0,1.0,1.0,155,216.63466666666667,69.0,1.0,1.0,1.0,0.0,1.0,1.0,1.0,53.47422680412371,69,0.0,0.0,53.47422680412371,0
69,401,175.30785951787198,88.46496857330452,70.0,0.0,0,99,87,12,1.0,0.0,1,1,1.0,0.0,1,1,1.0,0.0,1,1,0.0,0.0,0,0,1.0,0.0,1,1,1.0,0.0,1,1,1.0,0.0,1,1,0.0,0.8571428571428571,2907.263551711207,0.0337,0,89,190.6544943820225,70.0,1.0,1.0,1.0,0.0,1.0,1.0,1.0,157,127.58170912951167,70.0,1.0,1.0,1.0,0.0,1.0,1.0,1.0,155,214.83789247311825,70.0,1.0,1.0,1.0,0.0,1.0,1.0,1.0,53.80808080808081,70,0.0,0.0,53.80808080808081,0
70,396,175.4022516835017,87.56103580052962,71.0,0.0,0,104,91,13,1.0,0.0,1,1,1.0,0.0,1,1,1.0,0.0,1,1,0.0,0.0,0,0,1.0,0.0,1,1,1.0,0.0,1,1,1.0,0.0,1,1,0.0,0.8571428571428571,2909.4791951639518,0.0331,0,86,190.09593023255817,71.0,1.0,1.0,1.0,0.0,1.0,1.0,1.0,156,128.7605021367521,71.0,1.0,1.0,1.0,0.0,1.0,1.0,1.0,154,214.4441774891775,71.0,1.0,1.0,1.0,0.0,1.0,1.0,1.0,54.63461538461539,71,0.0,0.0,54.63461538461539,0
71,392,174.84269557823126,87.29316061888682,72.0,0.0,0,108,94,14,1.0,0.0,1,1,1.0,0.0,1,1,1.0,0.0,1,1,0.0,0.0,0,0,1.0,0.0,1,1,1.0,0.0,1,1,1.0,0.0,1,1,0.0,0.8571428571428571,2914.0383433506595,0.0328,0,86,182.85872093023258,72.0,1.0,1.0,1.0,0.0,1.0,1.0,1.0,153,131.1079956427015,72.0,1.0,1.0,1.0,0.0,1.0,1.0,1.0,153,214.07165577342047,72.0,1.0,1.0,1.0,0.0,1.0,1.0,1.0,55.27777777777778,72,0.0,0.0,55.27777777777778,0
72,384,176.4134201388889,85.27611533644519,73.0,0.0,0,116,102,14,1.0,0.0,1,1,1.0,0.0,1,1,1.0,0.0,1,1,0.0,0.0,0,0,1.0,0.0,1,1,1.0,0.0,1,1,1.0,0.0,1,1,0.0,0.8571428571428571,2922.6779498778146,0.0325,0,81,186.58341563786013,73.0,1.0,1.0,1.0,0.0,1.0,1.0,1.0,151,135.29366445916114,73.0,1.0,1.0,1.0,0.0,1.0,1.0,1.0,152,211.84311403508772,73.0,1.0,1.0,1.0,0.0,1.0,1.0,1.0,56.5,73,0.0,0.0,56.5,0
73,382,175.31919720767888,85.3697197219659,74.0,0.0,0,118,104,14,1.0,0.0,1,1,1.0,0.0,1,1,1.0,0.0,1,1,0.0,0.0,0,0,1.0,0.0,1,1,1.0,0.0,1,1,1.0,0.0,1,1,0.0,0.8571428571428571,2921.3103110414063,0.0321,0,80,181.77320833333337,74.0,1.0,1.0,1.0,0.0,1.0,1.0,1.0,150,136.62735555555554,74.0,1.0,1.0,1.0,0.0,1.0,1.0,1.0,152,210.10508771929827,74.0,1.0,1.0,1.0,0.0,1.0,1.0,1.0,56.79661016949152,74,0.0,0.0,56.79661016949152,0
74,378,175.55101410934742,85.62720530680728,75.0,0.0,0,122,107,15,1.0,0.0,1,1,1.0,0.0,1,1,1.0,0.0,1,1,0.0,0.0,0,0,1.0,0.0,1,1,1.0,0.0,1,1,1.0,0.0,1,1,0.0,0.8571428571428571,2932.551953547366,0.032,0,80,181.79320833333335,75.0,1.0,1.0,1.0,0.0,1.0,1.0,1.0,148,137.0142117117117,75.0,1.0,1.0,1.0,0.0,1.0,1.0,1.0,150,210.24482222222218,75.0,1.0,1.0,1.0,0.0,1.0,1.0,1.0,57.39344262295082,75,0.0,0.0,57.39344262295082,0
75,373,176.21723860589813,85.49996999687983,76.0,0.0,0,127,111,16,1.0,0.0,1,1,1.0,0.0,1,1,1.0,0.0,1,1,0.0,0.0,0,0,1.0,0.0,1,1,1.0,0.0,1,1,1.0,0.0,1,1,0.0,0.8571428571428571,2926.5481523345525,0.0318,0,78,181.16149572649576,76.0,1.0,1.0,1.0,0.0,1.0,1.0,1.0,147,138.22605442176868,76.0,1.0,1.0,1.0,0.0,1.0,1.0,1.0,148,211.34596846846844,76.0,1.0,1.0,1.0,0.0,1.0,1.0,1.0,58.125984251968504,76,0.0,0.0,58.125984251968504,0
76,371,175.61646900269542,86.38244150179588,77.0,0.0,0,129,112,17,1.0,0.0,1,1,1.0,0.0,1,1,1.0,0.0,1,1,0.0,0.0,0,0,1.0,0.0,1,1,1.0,0.0,1,1,1.0,0.0,1,1,0.0,0.8571428571428571,2925.4916320276116,0.0316,0,79,180.56805907172998,77.0,1.0,1.0,1.0,0.0,1.0,1.0,1.0,144,137.93215277777776,77.0,1.0,1.0,1.0,0.0,1.0,1.0,1.0,148,209.6392117117117,77.0,1.0,1.0,1.0,0.0,1.0,1.0,1.0,58.41860465116279,77,0.0,0.0,58.41860465116279,0
77,362,176.88262430939224,85.14187131921595,78.0,0.0,0,138,117,21,1.0,0.0,1,1,1.0,0.0,1,1,1.0,0.0,1,1,0.0,0.0,0,0,1.0,0.0,1,1,1.0,0.0,1,1,1.0,0.0,1,1,0.0,0.8571428571428571,2931.6217231639152,0.0312,0,79,180.41489451476798,78.0,1.0,1.0,1.0,0.0,1.0,1.0,1.0,141,139.47042553191488,78.0,1.0,1.0,1.0,0.0,1.0,1.0,1.0,142,212.066220657277,78.0,1.0,1.0,1.0,0.0,1.0,1.0,1.0,59.69565217391305,78,0.0,0.0,59.69565217391305,0
78,362,175.66881215469613,86.22762124566238,79.0,0.0,0,138,117,21,1.0,0.0,1,1,1.0,0.0,1,1,1.0,0.0,1,1,0.0,0.0,0,0,1.0,0.0,1,1,1.0,0.0,1,1,1.0,0.0,1,1,0.0,0.8571428571428571,2931.540157896731,0.0308,0,79,180.31362869198315,79.0,1.0,1.0,1.0,0.0,1.0,1.0,1.0,141,138.18815602836878,79.0,1.0,1.0,1.0,0.0,1.0,1.0,1.0,142,210.3014319248826,79.0,1.0,1.0,1.0,0.0,1.0,1.0,1.0,59.69565217391305,78,0.0,0.0,59.69565217391305,0
79,359,175.62217270194986,86.6315269488958,80.0,0.0,0,141,119,22,1.0,0.0,1,1,1.0,0.0,1,1,1.0,0.0,1,1,0.0,0.0,0,0,1.0,0.0,1,1,1.0,0.0,1,1,1.0,0.0,1,1,0.0,0.8571428571428571,2935.5211867634885,0.0308,0,78,180.54585470085476,80.0,1.0,1.0,1.0,0.0,1.0,1.0,1.0,141,137.12148936170212,80.0,1.0,1.0,1.0,0.0,1.0,1.0,1.0,140,211.65466666666663,80.0,1.0,1.0,1.0,0.0,1.0,1.0,1.0,60.12765957446808,80,0.0,0.0,60.12765957446808,0
80,351,176.76484330484328,86.3025478117503,81.0,0.0,0,149,123,26,1.0,0.0,1,1,1.0,0.0,1,1,1.0,0.0,1,1,0.0,0.0,0,0,1.0,0.0,1,1,1.0,0.0,1,1,1.0,0.0,1,1,0.0,0.8571428571428571,2928.1591695644215,0.0304,0,74,185.74103603603606,81.0,1.0,1.0,1.0,0.0,1.0,1.0,1.0,138,137.8055797101449,81.0,1.0,1.0,1.0,0.0,1.0,1.0,1.0,139,210.6651318944844,81.0,1.0,1.0,1.0,0.0,1.0,1.0,1.0,61.24832214765101,81,0.0,0.0,61.24832214765101,0
81,346,176.91974951830443,86.27142314629695,82.0,0.0,0,154,126,28,1.0,0.0,1,1,1.0,0.0,1,1,1.0,0.0,1,1,0.0,0.0,0,0,1.0,0.0,1,1,1.0,0.0,1,1,1.0,0.0,1,1,0.0,0.8571428571428571,2925.2689563477466,0.0302,0,72,186.80199074074076,82.0,1.0,1.0,1.0,0.0,1.0,1.0,1.0,137,136.4625547445255,82.0,1.0,1.0,1.0,0.0,1.0,1.0,1.0,137,212.18335766423357,82.0,1.0,1.0,1.0,0.0,1.0,1.0,1.0,61.922077922077925,82,0.0,0.0,61.922077922077925,0
82,342,177.17749512670568,86.66194692995984,83.0,0.0,0,158,128,30,1.0,0.0,1,1,1.0,0.0,1,1,1.0,0.0,1,1,0.0,0.0,0,0,1.0,0.0,1,1,1.0,0.0,1,1,1.0,0.0,1,1,0.0,0.8571428571428571,2925.819272191799,0.0299,0,71,188.28765258215967,83.0,1.0,1.0,1.0,0.0,1.0,1.0,1.0,134,137.0773134328358,83.0,1.0,1.0,1.0,0.0,1.0,1.0,1.0,137,210.64175182481753,83.0,1.0,1.0,1.0,0.0,1.0,1.0,1.0,62.45569620253165,83,0.0,0.0,62.45569620253165,0
83,340,176.67297058823527,87.59441752000566,84.0,0.0,0,160,129,31,1.0,0.0,1,1,1.0,0.0,1,1,1.0,0.0,1,1,0.0,0.0,0,0,1.0,0.0,1,1,1.0,0.0,1,1,1.0,0.0,1,1,0.0,0.8571428571428571,2913.5803968413384,0.0295,0,69,191.7117391304348,84.0,1.0,1.0,1.0,0.0,1.0,1.0,1.0,134,135.76850746268653,84.0,1.0,1.0,1.0,0.0,1.0,1.0,1.0,137,209.10744525547446,84.0,1.0,1.0,1.0,0.0,1.0,1.0,1.0,62.725,84,0.0,0.0,62.725,0
84,331,177.558836858006,88.30535380051283,85.0,0.0,0,169,131,38,1.0,0.0,1,1,1.0,0.0,1,1,1.0,0.0,1,1,0.0,0.0,0,0,1.0,0.0,1,1,1.0,0.0,1,1,1.0,0.0,1,1,0.0,0.8571428571428571,2918.4053619885262,0.0287,0,69,191.35956521739135,85.0,1.0,1.0,1.0,0.0,1.0,1.0,1.0,131,133.8338167938931,85.0,1.0,1.0,1.0,0.0,1.0,1.0,1.0,131,214.0147709923664,85.0,1.0,1.0,1.0,0.0,1.0,1.0,1.0,63.9112426035503,85,0.0,0.0,63.9112426035503,0
85,325,176.5662717948718,89.44339828197884,86.0,0.0,0,175,131,44,1.0,0.0,1,1,1.0,0.0,1,1,1.0,0.0,1,1,0.0,0.0,0,0,1.0,0.0,1,1,1.0,0.0,1,1,1.0,0.0,1,1,0.0,0.8571428571428571,2908.989932430542,0.0284,0,68,191.96264705882356,86.0,1.0,1.0,1.0,0.0,1.0,1.0,1.0,129,132.89697674418605,86.0,1.0,1.0,1.0,0.0,1.0,1.0,1.0,128,212.39740885416666,86.0,1.0,1.0,1.0,0.0,1.0,1.0,1.0,64.66857142857143,86,0.0,0.0,64.66857142857143,0
86,318,178.013642557652,88.4912027483773,87.0,0.0,0,182,136,46,1.0,0.0,1,1,1.0,0.0,1,1,1.0,0.0,1,1,0.0,0.0,0,0,1.0,0.0,1,1,1.0,0.0,1,1,1.0,0.0,1,1,0.0,0.8571428571428571,2909.548955056467,0.028,0,68,191.80367647058824,87.0,1.0,1.0,1.0,0.0,1.0,1.0,1.0,127,132.563937007874,87.0,1.0,1.0,1.0,0.0,1.0,1.0,1.0,123,217.31762872628727,87.0,1.0,1.0,1.0,0.0,1.0,1.0,1.0,65.52747252747253,87,0.0,0.0,65.52747252747253,0
87,313,177.44181576144834,89.41732722743103,88.0,0.0,0,187,137,50,1.0,0.0,1,1,1.0,0.0,1,1,1.0,0.0,1,1,0.0,0.0,0,0,1.0,0.0,1,1,1.0,0.0,1,1,1.0,0.0,1,1,0.0,0.8571428571428571,2921.7388865504718,0.0276,0,66,195.4039393939394,88.0,1.0,1.0,1.0,0.0,1.0,1.0,1.0,125,130.82687999999996,88.0,1.0,1.0,1.0,0.0,1.0,1.0,1.0,122,215.48580601092897,88.0,1.0,1.0,1.0,0.0,1.0,1.0,1.0,66.1283422459893,88,0.0,0.0,66.1283422459893,0
88,302,177.66509381898456,88.34708636584723,89.0,0.0,0,198,140,58,1.0,0.0,1,1,1.0,0.0,1,1,1.0,0.0,1,1,0.0,0.0,0,0,1.0,0.0,1,1,1.0,0.0,1,1,1.0,0.0,1,1,0.0,0.8571428571428571,2928.1461184792092,0.0263,0,65,198.0283076923077,89.0,1.0,1.0,1.0,0.0,1.0,1.0,1.0,118,131.8216101694915,89.0,1.0,1.0,1.0,0.0,1.0,1.0,1.0,119,212.00057422969184,89.0,1.0,1.0,1.0,0.0,1.0,1.0,1.0,67.3989898989899,89,0.0,0.0,67.3989898989899,0
89,294,178.33194444444445,88.09689514662249,90.0,0.0,0,206,142,64,1.0,0.0,1,1,1.0,0.0,1,1,1.0,0.0,1,1,0.0,0.0,0,0,1.0,0.0,1,1,1.0,0.0,1,1,1.0,0.0,1,1,0.0,0.8571428571428571,2931.4625293734125,0.026,0,64,197.37223958333334,90.0,1.0,1.0,1.0,0.0,1.0,1.0,1.0,115,134.03304347826085,90.0,1.0,1.0,1.0,0.0,1.0,1.0,1.0,115,212.03450724637682,90.0,1.0,1.0,1.0,0.0,1.0,1.0,1.0,68.27669902912622,90,0.0,0.0,68.27669902912622,0
90,289,178.9344809688581,87.7198450334197,91.0,0.0,0,211,143,68,1.0,0.0,1,1,1.0,0.0,1,1,1.0,0.0,1,1,0.0,0.0,0,0,1.0,0.0,1,1,1.0,0.0,1,1,1.0,0.0,1,1,0.0,0.8571428571428571,2924.855240813685,0.0256,0,62,198.6112365591398,91.0,1.0,1.0,1.0,0.0,1.0,1.0,1.0,113,134.73362831858404,91.0,1.0,1.0,1.0,0.0,1.0,1.0,1.0,114,212.04621345029238,91.0,1.0,1.0,1.0,0.0,1.0,1.0,1.0,68.81516587677726,91,0.0,0.0,68.81516587677726,0
91,282,178.62267730496455,88.39468819580918,92.0,0.0,0,218,144,74,1.0,0.0,1,1,1.0,0.0,1,1,1.0,0.0,1,1,0.0,0.0,0,0,1.0,0.0,1,1,1.0,0.0,1,1,1.0,0.0,1,1,0.0,0.8571428571428571,2916.064983790424,0.0253,0,59,199.46570621468928,92.0,1.0,1.0,1.0,0.0,1.0,1.0,1.0,110,135.2931818181818,92.0,1.0,1.0,1.0,0.0,1.0,1.0,1.0,113,209.9191887905605,92.0,1.0,1.0,1.0,0.0,1.0,1.0,1.0,69.55963302752293,92,0.0,0.0,69.55963302752293,0
92,275,179.6308424242424,88.21426672394813,93.0,0.0,0,225,146,79,1.0,0.0,1,1,1.0,0.0,1,1,1.0,0.0,1,1,0.0,0.0,0,0,1.0,0.0,1,1,1.0,0.0,1,1,1.0,0.0,1,1,0.0,0.8571428571428571,2918.0088205872157,0.0246,0,57,206.4414619883041,93.0,1.0,1.0,1.0,0.0,1.0,1.0,1.0,109,134.22064220183483,93.0,1.0,1.0,1.0,0.0,1.0,1.0,1.0,109,211.02081039755348,93.0,1.0,1.0,1.0,0.0,1.0,1.0,1.0,70.28888888888889,93,0.0,0.0,70.28888888888889,0
93,257,177.70039559014265,89.63031978256413,94.0,0.0,0,243,146,97,1.0,0.0,1,1,1.0,0.0,1,1,1.0,0.0,1,1,0.0,0.0,0,0,1.0,0.0,1,1,1.0,0.0,1,1,1.0,0.0,1,1,0.0,0.8571428571428571,2923.379274648193,0.0231,0,55,207.25878787878787,94.0,1.0,1.0,1.0,0.0,1.0,1.0,1.0,103,132.84368932038834,94.0,1.0,1.0,1.0,0.0,1.0,1.0,1.0,99,207.94816498316496,94.0,1.0,1.0,1.0,0.0,1.0,1.0,1.0,72.04526748971193,94,0.0,0.0,72.04526748971193,0
94,249,176.9082797858099,90.75026637688697,95.0,0.0,0,251,146,105,1.0,0.0,1,1,1.0,0.0,1,1,1.0,0.0,1,1,0.0,0.0,0,0,1.0,0.0,1,1,1.0,0.0,1,1,1.0,0.0,1,1,0.0,0.8571428571428571,2911.697102744161,0.0226,0,53,211.23006289308174,95.0,1.0,1.0,1.0,0.0,1.0,1.0,1.0,100,131.753,95.0,1.0,1.0,1.0,0.0,1.0,1.0,1.0,96,204.9965451388889,95.0,1.0,1.0,1.0,0.0,1.0,1.0,1.0,72.77689243027888,95,0.0,0.0,72.77689243027888,0
95,243,175.8104801097394,92.02132744072601,96.0,0.0,0,257,146,111,1.0,0.0,1,1,1.0,0.0,1,1,1.0,0.0,1,1,0.0,0.0,0,0,1.0,0.0,1,1,1.0,0.0,1,1,1.0,0.0,1,1,0.0,0.8571428571428571,2915.264280843247,0.0219,0,52,213.60314102564104,96.0,1.0,1.0,1.0,0.0,1.0,1.0,1.0,97,129.70412371134017,96.0,1.0,1.0,1.0,0.0,1.0,1.0,1.0,94,202.48173758865244,96.0,1.0,1.0,1.0,0.0,1.0,1.0,1.0,73.31906614785993,96,0.0,0.0,73.31906614785993,0
96,238,175.71738095238095,92.77853809602645,97.0,0.0,0,262,146,116,1.0,0.0,1,1,1.0,0.0,1,1,1.0,0.0,1,1,0.0,0.0,0,0,1.0,0.0,1,1,1.0,0.0,1,1,1.0,0.0,1,1,0.0,0.8571428571428571,2922.211311746268,0.0215,0,51,215.24222222222224,97.0,1.0,1.0,1.0,0.0,1.0,1.0,1.0,95,129.43894736842103,97.0,1.0,1.0,1.0,0.0,1.0,1.0,1.0,92,201.594384057971,97.0,1.0,1.0,1.0,0.0,1.0,1.0,1.0,73.77099236641222,97,0.0,0.0,73.77099236641222,0
97,221,175.60074660633484,91.25741694580259,98.0,0.0,0,279,149,130,1.0,0.0,1,1,1.0,0.0,1,1,1.0,0.0,1,1,0.0,0.0,0,0,1.0,0.0,1,1,1.0,0.0,1,1,1.0,0.0,1,1,0.0,0.8571428571428571,2933.7145399762285,0.0202,0,46,213.57351449275362,98.0,1.0,1.0,1.0,0.0,1.0,1.0,1.0,87,132.19425287356322,98.0,1.0,1.0,1.0,0.0,1.0,1.0,1.0,88,198.66458333333333,98.0,1.0,1.0,1.0,0.0,1.0,1.0,1.0,75.24731182795699,98,0.0,0.0,75.24731182795699,0
98,209,177.59580542264752,91.57235344509304,99.0,0.0,0,291,150,141,1.0,0.0,1,1,1.0,0.0,1,1,1.0,0.0,1,1,0.0,0.0,0,0,1.0,0.0,1,1,1.0,0.0,1,1,1.0,0.0,1,1,0.0,0.8571428571428571,2921.876454895653,0.0193,0,45,218.84403703703703,99.0,1.0,1.0,1.0,0.0,1.0,1.0,1.0,85,132.59176470588235,99.0,1.0,1.0,1.0,0.0,1.0,1.0,1.0,79,202.52204641350212,99.0,1.0,1.0,1.0,0.0,1.0,1.0,1.0,76.22680412371135,99,0.0,0.0,76.22680412371135,0
99,195,177.05511965811965,90.56238823095353,100.0,0.0,0,305,152,153,1.0,0.0,1,1,1.0,0.0,1,1,1.0,0.0,1,1,0.0,0.0,0,0,1.0,0.0,1,1,1.0,0.0,1,1,1.0,0.0,1,1,0.0,0.8571428571428571,2928.769728001524,0.018,0,41,218.84345528455285,100.0,1.0,1.0,1.0,0.0,1.0,1.0,1.0,82,132.83292682926827,100.0,1.0,1.0,1.0,0.0,1.0,1.0,1.0,72,203.62314814814815,100.0,1.0,1.0,1.0,0.0,1.0,1.0,1.0,77.31803278688524,100,0.0,0.0,77.31803278688524,0
100,183,178.26082877959928,91.21349634849224,101.0,0.0,0,317,152,165,1.0,0.0,1,1,1.0,0.0,1,1,1.0,0.0,1,1,0.0,0.0,0,0,1.0,0.0,1,1,1.0,0.0,1,1,1.0,0.0,1,1,0.0,0.8571428571428571,2923.5237526914307,0.0169,0,38,217.7332894736842,101.0,1.0,1.0,1.0,0.0,1.0,1.0,1.0,78,134.64230769230767,101.0,1.0,1.0,1.0,0.0,1.0,1.0,1.0,67,206.65323383084578,101.0,1.0,1.0,1.0,0.0,1.0,1.0,1.0,78.21451104100946,101,0.0,0.0,78.21451104100946,0
101,169,184.0802071005917,88.26900188864715,102.0,0.0,0,331,153,178,1.0,0.0,1,1,1.0,0.0,1,1,1.0,0.0,1,1,0.0,0.0,0,0,1.0,0.0,1,1,1.0,0.0,1,1,1.0,0.0,1,1,0.0,0.8571428571428571,2865.714475372737,0.0159,0,33,221.85045454545454,102.0,1.0,1.0,1.0,0.0,1.0,1.0,1.0,71,141.73788732394368,102.0,1.0,1.0,1.0,0.0,1.0,1.0,1.0,65,211.15538461538463,102.0,1.0,1.0,1.0,0.0,1.0,1.0,1.0,79.22054380664653,102,0.0,0.0,79.22054380664653,0
102,159,183.22496855345912,86.29187745409052,103.0,0.0,0,341,153,188,1.0,0.0,1,1,1.0,0.0,1,1,1.0,0.0,1,1,0.0,0.0,0,0,1.0,0.0,1,1,1.0,0.0,1,1,1.0,0.0,1,1,0.0,0.8571428571428571,2898.8425071354923,0.015,0,28,214.2957142857143,103.0,1.0,1.0,1.0,0.0,1.0,1.0,1.0,68,146.87338235294115,103.0,1.0,1.0,1.0,0.0,1.0,1.0,1.0,63,208.65238095238098,103.0,1.0,1.0,1.0,0.0,1.0,1.0,1.0,79.91788856304986,103,0.0,0.0,79.91788856304986,0
103,139,182.57028776978422,85.17328847274665,104.0,0.0,0,361,154,207,1.0,0.0,1,1,1.0,0.0,1,1,1.0,0.0,1,1,0.0,0.0,0,0,1.0,0.0,1,1,1.0,0.0,1,1,1.0,0.0,1,1,0.0,0.8571428571428571,2956.7319006151565,0.013,0,23,213.37304347826085,104.0,1.0,1.0,1.0,0.0,1.0,1.0,1.0,58,149.0756896551724,104.0,1.0,1.0,1.0,0.0,1.0,1.0,1.0,58,203.85000000000002,104.0,1.0,1.0,1.0,0.0,1.0,1.0,1.0,81.25207756232687,104,0.0,0.0,81.25207756232687,0
104,127,181.7164960629921,85.99411004160424,105.0,0.0,0,373,154,219,1.0,0.0,1,1,1.0,0.0,1,1,1.0,0.0,1,1,0.0,0.0,0,0,1.0,0.0,1,1,1.0,0.0,1,1,1.0,0.0,1,1,0.0,0.8571428571428571,2991.239811187865,0.0119,0,23,206.43391304347827,105.0,1.0,1.0,1.0,0.0,1.0,1.0,1.0,51,151.15519607843135,105.0,1.0,1.0,1.0,0.0,1.0,1.0,1.0,53,200.39811320754717,105.0,1.0,1.0,1.0,0.0,1.0,1.0,1.0,82.01608579088472,105,0.0,0.0,82.01608579088472,0
105,114,181.7831578947368,85.34099044689226,106.0,0.0,0,386,154,232,1.0,0.0,1,1,1.0,0.0,1,1,1.0,0.0,1,1,0.0,0.0,0,0,1.0,0.0,1,1,1.0,0.0,1,1,1.0,0.0,1,1,0.0,0.8571428571428571,2966.4818785239454,0.0106,0,23,199.4947826086957,106.0,1.0,1.0,1.0,0.0,1.0,1.0,1.0,45,156.38666666666663,106.0,1.0,1.0,1.0,0.0,1.0,1.0,1.0,46,197.77173913043475,106.0,1.0,1.0,1.0,0.0,1.0,1.0,1.0,82.8238341968912,106,0.0,0.0,82.8238341968912,0
106,99,187.8272727272727,86.37847775176627,107.0,0.0,0,401,154,247,1.0,0.0,1,1,1.0,0.0,1,1,1.0,0.0,1,1,0.0,0.0,0,0,1.0,0.0,1,1,1.0,0.0,1,1,1.0,0.0,1,1,0.0,0.8571428571428571,2966.1169766534695,0.0094,0,19,207.67368421052632,107.0,1.0,1.0,1.0,0.0,1.0,1.0,1.0,39,161.25128205128203,107.0,1.0,1.0,1.0,0.0,1.0,1.0,1.0,41,203.909756097561,107.0,1.0,1.0,1.0,0.0,1.0,1.0,1.0,83.7281795511222,107,0.0,0.0,83.7281795511222,0
107,83,186.96706827309234,87.9021473321049,108.0,0.0,0,417,154,263,1.0,0.0,1,1,1.0,0.0,1,1,1.0,0.0,1,1,0.0,0.0,0,0,1.0,0.0,1,1,1.0,0.0,1,1,1.0,0.0,1,1,0.0,0.8571428571428571,2993.1919352737336,0.0078,0,16,197.36875,108.0,1.0,1.0,1.0,0.0,1.0,1.0,1.0,32,160.36875,108.0,1.0,1.0,1.0,0.0,1.0,1.0,1.0,35,206.53047619047618,108.0,1.0,1.0,1.0,0.0,1.0,1.0,1.0,84.65947242206235,108,0.0,0.0,84.65947242206235,0
108,72,185.68425925925925,92.37981545146305,109.0,0.0,0,428,154,274,1.0,0.0,1,1,1.0,0.0,1,1,1.0,0.0,1,1,0.0,0.0,0,0,1.0,0.0,1,1,1.0,0.0,1,1,1.0,0.0,1,1,0.0,0.8571428571428571,3045.922524122248,0.0067,0,14,188.75,109.0,1.0,1.0,1.0,0.0,1.0,1.0,1.0,25,159.504,109.0,1.0,1.0,1.0,0.0,1.0,1.0,1.0,33,204.21717171717177,109.0,1.0,1.0,1.0,0.0,1.0,1.0,1.0,85.28504672897196,109,0.0,0.0,85.28504672897196,0
109,58,188.24080459770116,95.83485553675705,110.0,0.0,0,442,155,287,1.0,0.0,1,1,1.0,0.0,1,1,1.0,0.0,1,1,0.0,0.0,0,0,1.0,0.0,1,1,1.0,0.0,1,1,1.0,0.0,1,1,0.0,0.8571428571428571,2979.6746846289757,0.0055,0,9,193.04444444444442,110.0,1.0,1.0,1.0,0.0,1.0,1.0,1.0,19,158.55789473684206,110.0,1.0,1.0,1.0,0.0,1.0,1.0,1.0,30,205.59888888888887,110.0,1.0,1.0,1.0,0.0,1.0,1.0,1.0,86.06787330316742,110,0.0,0.0,86.06787330316742,0
110,46,192.46884057971013,93.85231054840422,111.0,0.0,0,454,155,299,1.0,0.0,1,1,1.0,0.0,1,1,1.0,0.0,1,1,0.0,0.0,0,0,1.0,0.0,1,1,1.0,0.0,1,1,1.0,0.0,1,1,0.0,0.8571428571428571,2999.5148842175668,0.0044,0,7,199.45714285714283,111.0,1.0,1.0,1.0,0.0,1.0,1.0,1.0,13,158.95384615384611,111.0,1.0,1.0,1.0,0.0,1.0,1.0,1.0,26,207.3448717948718,111.0,1.0,1.0,1.0,0.0,1.0,1.0,1.0,86.72687224669603,111,0.0,0.07999999999999996,86.72687224669603,0
111,35,196.49028571428568,98.84449783041514,112.0,0.0,0,465,155,310,1.0,0.0,1,1,1.0,0.0,1,1,1.0,0.0,1,1,0.0,0.0,0,0,1.0,0.0,1,1,1.0,0.0,1,1,1.0,0.0,1,1,0.0,0.8571428571428571,2891.826801486548,0.0035,0,6,206.22666666666666,112.0,1.0,1.0,1.0,0.0,1.0,1.0,1.0,8,152.5,112.0,1.0,1.0,1.0,0.0,1.0,1.0,1.0,21,210.46666666666667,112.0,1.0,1.0,1.0,0.0,1.0,1.0,1.0,87.3247311827957,112,0.0,0.30000000000000004,87.3247311827957,0
112,34,199.38411764705882,99.52325223778693,113.0,0.0,0,466,155,311,1.0,0.0,1,1,1.0,0.0,1,1,1.0,0.0,1,1,0.0,0.0,0,0,1.0,0.0,1,1,1.0,0.0,1,1,1.0,0.0,1,1,0.0,0.8571428571428571,2908.0088321129733,0.0034,0,6,200.39333333333332,113.0,1.0,1.0,1.0,0.0,1.0,1.0,1.0,8,154.5,113.0,1.0,1.0,1.0,0.0,1.0,1.0,1.0,20,217.03500000000003,113.0,1.0,1.0,1.0,0.0,1.0,1.0,1.0,87.37982832618026,113,0.0,0.31999999999999995,87.37982832618026,0
113,20,189.23299999999998,97.24425274020058,114.0,0.0,0,480,155,325,1.0,0.0,1,1,1.0,0.0,1,1,1.0,0.0,1,1,0.0,0.0,0,0,1.0,0.0,1,1,1.0,0.0,1,1,1.0,0.0,1,1,0.0,0.8571428571428571,2856.3706215230545,0.002,0,4,197.83999999999997,114.0,1.0,1.0,1.0,0.0,1.0,1.0,1.0,5,159.07999999999998,114.0,1.0,1.0,1.0,0.0,1.0,1.0,1.0,11,199.80909090909088,114.0,1.0,1.0,1.0,0.0,1.0,1.0,1.0,88.15625,114,0.0,0.6,88.15625,0
114,16,181.60374999999996,101.34807206324896,115.0,0.0,0,484,155,329,1.0,0.0,1,1,1.0,0.0,1,1,1.0,0.0,1,1,0.0,0.0,0,0,1.0,0.0,1,1,1.0,0.0,1,1,1.0,0.0,1,1,0.0,0.8571428571428571,2767.7138968549025,0.0016,0,4,192.83999999999997,115.0,1.0,1.0,1.0,0.0,1.0,1.0,1.0,4,155.09999999999997,115.0,1.0,1.0,1.0,0.0,1.0,1.0,1.0,8,189.23749999999995,115.0,1.0,1.0,1.0,0.0,1.0,1.0,1.0,88.37809917355372,115,0.0,0.6799999999999999,88.37809917355372,0
115,10,157.14599999999996,114.30282867890892,116.0,0.0,0,490,155,335,1.0,0.0,1,1,1.0,0.0,1,1,1.0,0.0,1,1,0.0,0.0,0,0,1.0,0.0,1,1,1.0,0.0,1,1,1.0,0.0,1,1,0.0,0.8571428571428571,2963.4163544800786,0.001,0,2,141.67999999999995,116.0,1.0,1.0,1.0,0.0,1.0,1.0,1.0,2,116.59999999999994,116.0,1.0,1.0,1.0,0.0,1.0,1.0,1.0,6,175.81666666666663,116.0,1.0,1.0,1.0,0.0,1.0,1.0,1.0,88.71632653061225,116,0.0,0.8,88.71632653061225,0
116,8,150.23249999999996,105.07986673835289,117.0,0.0,0,492,155,337,1.0,0.0,1,1,1.0,0.0,1,1,1.0,0.0,1,1,0.0,0.0,0,0,1.0,0.0,1,1,1.0,0.0,1,1,1.0,0.0,1,1,0.0,0.8571428571428571,2849.462394470227,0.0008,0,2,136.67999999999995,117.0,1.0,1.0,1.0,0.0,1.0,1.0,1.0,1,199.6,117.0,1.0,1.0,1.0,0.0,1.0,1.0,1.0,5,145.77999999999997,117.0,1.0,1.0,1.0,0.0,1.0,1.0,1.0,88.83130081300813,117,0.0,0.84,88.83130081300813,0
117,6,153.27666666666664,107.41678975943299,118.0,0.0,0,494,155,339,1.0,0.0,1,1,1.0,0.0,1,1,1.0,0.0,1,1,0.0,0.0,0,0,1.0,0.0,1,1,1.0,0.0,1,1,1.0,0.0,1,1,0.0,0.8571428571428571,2871.3343829810015,0.0006,0,2,131.67999999999995,118.0,1.0,1.0,1.0,0.0,1.0,1.0,1.0,1,201.6,118.0,1.0,1.0,1.0,0.0,1.0,1.0,1.0,3,151.56666666666666,118.0,1.0,1.0,1.0,0.0,1.0,1.0,1.0,88.9493927125506,118,0.0,0.88,88.9493927125506,0
118,2,118.97999999999995,84.62000000000005,119.0,0.0,0,498,155,343,1.0,0.0,1,1,1.0,0.0,1,1,1.0,0.0,1,1,0.0,0.0,0,0,1.0,0.0,1,1,1.0,0.0,1,1,1.0,0.0,1,1,0.0,0.8571428571428571,4107.0,0.0002,0,1,34.3599999999999,119.0,1.0,1.0,1.0,0.0,1.0,1.0,1.0,1,203.6,119.0,1.0,1.0,1.0,0.0,1.0,1.0,1.0,0,0.0,0.0,0.0,0.0,0.0,0.0,0.0,0.0,0.0,89.19076305220884,119,0.0,0.96,89.19076305220884,0
119,1,29.3599999999999,0.0,120.0,0.0,0,499,155,344,1.0,0.0,1,1,1.0,0.0,1,1,1.0,0.0,1,1,0.0,0.0,0,0,1.0,0.0,1,1,1.0,0.0,1,1,1.0,0.0,1,1,0.0,0.8571428571428571,0.0,0.0001,0,1,29.3599999999999,120.0,1.0,1.0,1.0,0.0,1.0,1.0,1.0,0,0.0,0.0,0.0,0.0,0.0,0.0,0.0,0.0,0.0,0,0.0,0.0,0.0,0.0,0.0,0.0,0.0,0.0,0.0,89.25250501002004,120,0.0,0.98,89.25250501002004,0
120,0,0.0,0.0,0.0,0.0,0,500,155,345,0.0,0.0,0,0,0.0,0.0,0,0,0.0,0.0,0,0,0.0,0.0,0,0,0.0,0.0,0,0,0.0,0.0,0,0,0.0,0.0,0,0,0.0,0.0,0.0,0.0,0,0,0.0,0.0,0.0,0.0,0.0,0.0,0.0,0.0,0.0,0,0.0,0.0,0.0,0.0,0.0,0.0,0.0,0.0,0.0,0,0.0,0.0,0.0,0.0,0.0,0.0,0.0,0.0,0.0,89.316,121,0.0,1.0,89.316,0
